Rank,Player,Team,Poss,ORAPM,DRAPM,RAPM
1,Kevin Durant,GSW,12315,5.2647,1.4193,6.684
2,Danny Green,TOR,9830,4.297,2.1749,6.4719
3,Stephen Curry,GSW,10669,4.3916,1.0492,5.4409
4,Paul George,OKC,13310,1.8271,3.5296,5.3567
5,Jrue Holiday,NOP,11097,3.2686,1.7695,5.0382
6,Derrick White,SAS,7424,2.5176,2.2822,4.7998
7,Jayson Tatum,BOS,10820,2.0052,1.9543,3.9595
8,Joel Embiid,PHI,9886,2.406,1.4051,3.8111
9,Al Horford,BOS,8644,3.145,0.5891,3.734
10,Jimmy Butler,PHI,8225,2.7189,0.9049,3.6238
11,Kyle Lowry,TOR,9915,2.2453,1.289,3.5343
12,Patrick Beverley,LAC,9728,2.2878,1.199,3.4869
13,Damian Lillard,POR,12766,2.1652,1.3194,3.4846
14,Danuel House,HOU,4330,3.2329,0.216,3.4489
15,Giannis Antetokounmpo,MIL,10933,1.083,2.296,3.379
16,Davis Bertans,SAS,7216,3.5514,-0.182,3.3694
17,Raul Neto,UTA,2149,2.6879,0.6641,3.352
18,Pascal Siakam,TOR,11303,1.2904,2.0454,3.3357
19,Paul Millsap,DEN,8319,1.8156,1.5124,3.328
20,Chris Paul,HOU,8159,0.9886,2.325,3.3136
21,Jusuf Nurkic,POR,8848,1.9094,1.3238,3.2332
22,Andre Drummond,DET,11648,2.2169,0.9862,3.2032
23,Eric Bledsoe,MIL,10460,2.3033,0.854,3.1572
24,Khris Middleton,MIL,11030,1.7816,1.2329,3.0144
25,Eric Gordon,HOU,9560,2.4046,0.5909,2.9955
26,Nene Hilario,HOU,2457,0.4231,2.4777,2.9008
27,Patty Mills,SAS,8571,2.9133,-0.0641,2.8493
28,Jimmy Butler,TOT,9829,2.1808,0.6399,2.8207
29,Jeremy Lamb,CHO,9835,1.6702,1.1329,2.8031
30,Aron Baynes,BOS,3633,1.633,1.163,2.796
31,Kyrie Irving,BOS,9917,2.2634,0.527,2.7904
32,Draymond Green,GSW,9386,1.3119,1.477,2.789
33,Brook Lopez,MIL,10642,2.3347,0.431,2.7656
34,Kevon Looney,GSW,6728,1.6897,1.0502,2.7399
35,John Collins,ATL,8505,2.9637,-0.2754,2.6884
36,James Harden,HOU,12517,3.6123,-0.9941,2.6181
37,Tobias Harris,LAC,8564,1.5348,1.056,2.5908
38,Nikola Vucevic,ORL,10871,1.6162,0.9729,2.589
39,Mike Conley,MEM,10160,1.3456,1.2318,2.5775
40,Marc Gasol,MEM,7616,0.8915,1.5936,2.4851
41,Daniel Theis,BOS,4102,0.9821,1.4848,2.467
42,Marc Gasol,TOT,10470,1.1312,1.294,2.4252
43,Nikola Jokic,DEN,10888,2.089,0.3037,2.3927
44,Joe Ingles,UTA,11602,0.0947,2.2763,2.3709
45,Maxi Kleber,DAL,6707,-0.1046,2.4463,2.3416
46,Luol Deng,MIN,1730,1.6456,0.6199,2.2655
47,Marc Gasol,TOR,2854,1.7708,0.4947,2.2655
48,Danilo Gallinari,LAC,9230,3.1027,-0.8785,2.2242
49,Kelly Oubre,PHO,5529,1.0438,1.1697,2.2135
50,Ish Smith,DET,5521,1.8957,0.3068,2.2025
51,Bojan Bogdanovic,IND,11278,1.0771,1.0854,2.1625
52,Jamal Murray,DEN,10769,2.1217,0.0291,2.1508
53,George Hill,MIL,4407,-0.4782,2.5713,2.093
54,Johnathan Williams,LAL,1670,1.0767,1.0154,2.0921
55,C.J. Miles,MEM,1351,0.6025,1.4864,2.089
56,Ryan Broekhoff,DAL,2025,0.8938,1.189,2.0828
57,Thabo Sefolosha,UTA,2719,0.6631,1.41,2.0731
58,Justise Winslow,MIA,8714,0.2923,1.7661,2.0583
59,Fred VanVleet,TOR,7757,1.6037,0.4491,2.0527
60,Rudy Gay,SAS,7993,0.5627,1.4595,2.0223
61,Malcolm Brogdon,MIL,8398,1.4585,0.5515,2.01
62,Aaron Holiday,IND,2927,0.6631,1.3451,2.0082
63,Al-Farouq Aminu,POR,10258,2.0776,-0.1626,1.9151
64,Ersan Ilyasova,MIL,5655,0.8175,1.0878,1.9052
65,CJ McCollum,POR,10648,1.8851,0.0113,1.8964
66,Lauri Markkanen,CHI,7364,1.57,0.3187,1.8887
67,Seth Curry,POR,6111,0.7004,1.1824,1.8828
68,Semi Ojeleye,BOS,2647,0.3396,1.5182,1.8578
69,J.J. Redick,PHI,11029,-0.0116,1.8373,1.8257
70,Kevin Huerter,ATL,9575,1.4304,0.3883,1.8187
71,Trey Burke,DAL,1911,1.5227,0.2825,1.8052
72,Steven Adams,OKC,12572,0.4746,1.294,1.7686
73,Kyle Korver,UTA,4944,1.0368,0.7041,1.7409
74,Donovan Mitchell,UTA,11773,0.5535,1.1832,1.7367
75,Monte Morris,DEN,8599,0.4557,1.2115,1.6671
76,DeMarre Carroll,BRK,7802,0.7328,0.9199,1.6527
77,Marcus Smart,BOS,9794,0.7247,0.9034,1.6281
78,Gordon Hayward,BOS,8337,1.6232,-0.02,1.6033
79,Royce O'Neale,UTA,7584,-0.9408,2.5391,1.5983
80,Nikola Mirotic,MIL,1507,1.1381,0.459,1.5971
81,LaMarcus Aldridge,SAS,11598,2.1444,-0.5516,1.5928
82,George Hill,TOT,5864,-0.2091,1.7944,1.5853
83,Tobias Harris,TOT,12880,1.2078,0.3749,1.5827
84,Jeff Teague,MIN,5745,1.6108,-0.0524,1.5584
85,Delon Wright,MEM,3569,0.6836,0.8148,1.4984
86,Gerald Green,HOU,6516,2.2917,-0.796,1.4957
87,Wesley Iwundu,ORL,5473,-0.4643,1.955,1.4907
88,LeBron James,LAL,8994,0.8265,0.6499,1.4764
89,Cory Joseph,IND,9116,-0.2955,1.7698,1.4743
90,Treveon Graham,BRK,3279,1.1143,0.3599,1.4742
91,Darius Miller,NOP,8176,0.6263,0.8455,1.4718
92,Karl-Anthony Towns,MIN,11423,1.8346,-0.3655,1.4691
93,Andre Iguodala,GSW,7081,0.2819,1.1822,1.4641
94,David Nwaba,CLE,4232,1.2668,0.1956,1.4624
95,J.R. Smith,CLE,983,0.0309,1.4172,1.4481
96,Theo Pinson,BRK,976,-0.7879,2.2326,1.4448
97,Anthony Davis,NOP,8549,1.1774,0.2626,1.4399
98,Ivica Zubac,LAL,2388,-0.222,1.661,1.439
99,Nemanja Bjelica,SAC,8309,1.8857,-0.4619,1.4238
100,D.J. Augustin,ORL,9788,1.3907,0.0052,1.3959
101,Kyle Korver,TOT,6055,0.7261,0.661,1.387
102,Jarell Martin,ORL,1472,0.5795,0.8006,1.3801
103,Donte DiVincenzo,MIL,1915,0.1754,1.1782,1.3536
104,Gary Harris,DEN,7236,-0.2851,1.6273,1.3422
105,Mike Muscala,PHI,4820,0.0644,1.2646,1.329
106,Otto Porter,WAS,5487,0.7467,0.5705,1.3172
107,Alex Caruso,LAL,2433,-0.6523,1.957,1.3047
108,Yogi Ferrell,SAC,4858,0.965,0.3296,1.2945
109,Josh Richardson,MIA,11270,0.1625,1.1294,1.2918
110,Michael Carter-Williams,ORL,1038,1.2758,0.0151,1.2909
111,Otto Porter,TOT,7691,1.0019,0.2861,1.288
112,Kawhi Leonard,TOR,8995,2.0981,-0.8329,1.2652
113,Kelly Olynyk,MIA,8019,1.3173,-0.0547,1.2626
114,De'Aaron Fox,SAC,11955,0.2445,1.0089,1.2534
115,DeAndre Jordan,DAL,6985,-0.1524,1.385,1.2326
116,Damyean Dotson,NYK,8962,0.1877,1.0388,1.2265
117,Rudy Gobert,UTA,11659,-0.037,1.2613,1.2243
118,Otto Porter,CHI,2204,1.6372,-0.4221,1.2151
119,Brad Wanamaker,BOS,1539,-0.0098,1.1976,1.1878
120,Kevin Love,CLE,2611,1.2252,-0.0616,1.1635
121,Buddy Hield,SAC,12168,1.0251,0.1031,1.1283
122,Evan Fournier,ORL,11017,2.1547,-1.041,1.1137
123,Bruce Brown,DET,6336,-0.108,1.2043,1.0963
124,Richaun Holmes,PHO,5390,-0.3058,1.3836,1.0777
125,Maurice Harkless,POR,6335,0.6508,0.4185,1.0693
126,Wesley Matthews,DAL,5935,0.732,0.3242,1.0562
127,Wilson Chandler,PHI,4287,1.7639,-0.7212,1.0427
128,Bam Adebayo,MIA,8441,-0.4386,1.4792,1.0405
129,Mike Muscala,TOT,6036,0.0352,1.0013,1.0364
130,Joakim Noah,MEM,3073,-0.8945,1.9276,1.0331
131,Myles Turner,IND,9239,-0.8159,1.8325,1.0166
132,Jemerrio Jones,LAL,645,0.0198,0.9838,1.0036
133,Aaron Gordon,ORL,11402,0.1107,0.8781,0.9888
134,Quincy Acy,PHO,601,-0.4962,1.4662,0.97
135,Jae Crowder,UTA,9946,0.8445,0.124,0.9685
136,Amile Jefferson,ORL,299,1.3025,-0.3482,0.9543
137,Josh Okogie,MIN,8041,0.9501,0.0038,0.9539
138,Jeff Green,WAS,9487,1.7349,-0.7879,0.9471
139,Isaiah Hartenstein,HOU,1005,0.2236,0.723,0.9467
140,Tyler Zeller,MEM,360,0.8159,0.1286,0.9445
141,Bobby Portis,WAS,3460,1.1066,-0.1655,0.9411
142,Ante Zizic,CLE,4692,0.0662,0.8669,0.9331
143,Thon Maker,MIL,1921,-0.86,1.7917,0.9317
144,Landry Shamet,LAC,3174,0.9842,-0.0575,0.9267
145,Omri Casspi,MEM,2305,0.3462,0.5712,0.9174
146,Garrett Temple,LAC,2409,0.5393,0.3591,0.8984
147,Tyreke Evans,IND,6231,-0.2964,1.1617,0.8653
148,Austin Rivers,WAS,3106,0.6344,0.2302,0.8646
149,Klay Thompson,GSW,11912,1.504,-0.6757,0.8284
150,Tyrone Wallace,LAC,3028,-0.4256,1.2532,0.8277
151,Tyler Zeller,TOT,414,0.6864,0.139,0.8253
152,Goran Dragic,MIA,4526,0.7138,0.0765,0.7904
153,J.P. Macura,CHO,73,0.2232,0.5471,0.7704
154,Malik Beasley,DEN,8328,0.9774,-0.2109,0.7664
155,Robert Covington,MIN,3356,-0.7261,1.4909,0.7647
156,Luc Mbah a Moute,LAC,299,0.1352,0.6253,0.7605
157,Jodie Meeks,TOR,467,1.0975,-0.3374,0.7601
158,Clint Capela,HOU,9760,0.7066,0.0492,0.7558
159,P.J. Tucker,HOU,12226,0.1806,0.5721,0.7527
160,Ivica Zubac,TOT,4778,-0.4851,1.2356,0.7505
161,Thaddeus Young,IND,10752,0.9886,-0.2481,0.7405
162,Derrick Rose,MIN,6402,1.1431,-0.4052,0.7378
163,R.J. Hunter,BOS,116,0.3015,0.4363,0.7378
164,Tomas Satoransky,WAS,9692,0.3725,0.3504,0.7228
165,Kelly Oubre,TOT,9053,0.1546,0.5409,0.6955
166,Lou Williams,LAC,9382,1.4906,-0.7954,0.6952
167,PJ Dozier,BOS,233,0.1866,0.4918,0.6784
168,Norman Powell,TOR,5148,-0.1639,0.841,0.677
169,Luke Kornet,NYK,3511,-0.5575,1.2337,0.6762
170,Ryan Arcidiacono,CHI,8598,0.8654,-0.1933,0.6721
171,Davon Reed,IND,222,0.357,0.3037,0.6608
172,Hassan Whiteside,MIA,7461,-0.3926,1.0416,0.6489
173,Robert Covington,TOT,5408,-0.4619,1.1105,0.6486
174,Cody Zeller,CHO,5492,0.9329,-0.2991,0.6338
175,Wayne Ellington,DET,3318,0.521,0.1044,0.6254
176,Jabari Parker,WAS,3109,0.5331,0.087,0.62
177,Mason Plumlee,DEN,7566,0.4077,0.2044,0.6121
178,Justin Jackson,DAL,2335,0.7371,-0.1285,0.6087
179,Austin Rivers,TOT,9089,0.4335,0.1737,0.6072
180,Wilson Chandler,TOT,5345,1.2951,-0.6962,0.5989
181,Trevor Ariza,WAS,6601,1.2774,-0.6788,0.5986
182,Darren Collison,IND,9383,1.1136,-0.5156,0.598
183,Tony Parker,CHO,4496,-0.2279,0.8214,0.5935
184,Dennis Smith,NYK,2692,-0.7311,1.3013,0.5703
185,Gary Payton,WAS,87,0.1139,0.4458,0.5597
186,Chandler Hutchison,CHI,3942,-0.4127,0.9695,0.5568
187,Raymond Felton,OKC,1701,-0.5791,1.1218,0.5427
188,Deonte Burton,OKC,1085,-1.0081,1.5474,0.5393
189,Trey Burke,TOT,5008,0.6062,-0.0679,0.5383
190,Mitchell Robinson,NYK,6106,-0.1465,0.6832,0.5367
191,Brandon Goodwin,DEN,257,0.2269,0.3006,0.5275
192,Isaiah Briscoe,ORL,2458,-0.7156,1.2294,0.5137
193,Yuta Watanabe,MEM,761,0.4863,0.0186,0.5049
194,Domantas Sabonis,IND,8124,-0.2108,0.7028,0.492
195,Ray Spalding,PHO,681,-0.2284,0.7154,0.487
196,Ray Spalding,TOT,683,-0.2279,0.7133,0.4854
197,Terrance Ferguson,OKC,8908,1.3104,-0.828,0.4824
198,Jaylen Morris,MIL,138,0.1573,0.3245,0.4819
199,DeAndre' Bembry,ATL,9134,-0.6739,1.1511,0.4772
200,Austin Rivers,HOU,5983,0.3292,0.1444,0.4735
201,Robert Covington,PHI,2052,-0.0298,0.4885,0.4587
202,Dwight Powell,DAL,7378,2.1278,-1.6761,0.4517
203,Jonas Valanciunas,TOR,2580,-0.6424,1.0895,0.4471
204,Bobby Portis,TOT,5794,1.2245,-0.7796,0.4449
205,Sviatoslav Mykhailiuk,LAL,1936,0.3814,0.0624,0.4439
206,Julian Washburn,MEM,1085,-0.0058,0.4489,0.4431
207,Willie Cauley-Stein,SAC,10248,0.2019,0.2295,0.4315
208,Matthew Dellavedova,CLE,3107,-0.1906,0.6184,0.4278
209,Montrezl Harrell,LAC,10044,0.5807,-0.1541,0.4266
210,Reggie Jackson,DET,10046,0.3413,0.0853,0.4265
211,Ryan Anderson,PHO,1196,-0.4545,0.8755,0.421
212,Derrick Favors,UTA,7931,-0.4441,0.8636,0.4195
213,Mikal Bridges,PHO,10913,0.2565,0.1624,0.4189
214,Sviatoslav Mykhailiuk,TOT,2018,0.3572,0.0523,0.4095
215,DeMar DeRozan,SAS,11608,0.5479,-0.1452,0.4026
216,Ryan Anderson,TOT,1386,-0.3839,0.7727,0.3888
217,Brandon Ingram,LAL,8269,-0.5874,0.97,0.3826
218,DeAndre Jordan,TOT,9153,-0.3211,0.7011,0.3799
219,Isaac Bonga,LAL,560,-0.8598,1.2309,0.3711
220,Zach Collins,POR,5940,0.1668,0.191,0.3577
221,Tyus Jones,MIN,7019,0.1229,0.2301,0.353
222,Frank Kaminsky,CHO,3308,0.419,-0.0682,0.3508
223,Jabari Parker,TOT,7787,0.268,0.0827,0.3507
224,Kenneth Faried,HOU,2724,1.2591,-0.9105,0.3486
225,Vince Carter,ATL,6346,-1.5935,1.9412,0.3478
226,Russell Westbrook,OKC,12395,1.002,-0.659,0.343
227,Larry Nance,CLE,7706,0.5088,-0.1804,0.3284
228,Garrett Temple,TOT,8980,-0.3188,0.6431,0.3243
229,Shaun Livingston,GSW,4269,0.6783,-0.3582,0.3201
230,Malachi Richardson,TOR,507,-0.6511,0.9687,0.3176
231,Zhaire Smith,PHI,503,0.694,-0.3779,0.3161
232,T.J. Leaf,IND,2406,-0.1281,0.4439,0.3158
233,Luke Kennard,DET,6216,0.4944,-0.1788,0.3156
234,Bruno Caboclo,MEM,3487,0.3867,-0.0733,0.3135
235,Jonas Valanciunas,TOT,4906,-0.0876,0.3974,0.3098
236,Kyle Anderson,MEM,5510,-1.0464,1.3547,0.3083
237,Avery Bradley,MEM,1973,0.7201,-0.4202,0.2999
238,Matthew Dellavedova,TOT,3583,-0.3174,0.6134,0.2961
239,Corey Brewer,PHI,640,-0.3206,0.6098,0.2892
240,Demetrius Jackson,PHI,185,0.2986,-0.0133,0.2853
241,Jaron Blossomgame,CLE,1878,-0.0455,0.3271,0.2816
242,Chris Boucher,TOR,773,0.3638,-0.0907,0.273
243,Eric Moreland,PHO,18,0.0,0.2708,0.2708
244,Landry Shamet,TOT,8248,0.5819,-0.326,0.2559
245,J.J. Barea,DAL,3470,-0.3331,0.5733,0.2402
246,Allen Crabbe,BRK,5159,-0.5356,0.7748,0.2392
247,Jason Smith,NOP,95,0.0873,0.1445,0.2318
248,Ricky Rubio,UTA,8591,0.4787,-0.2476,0.2311
249,Scott Machado,LAL,90,0.0674,0.1627,0.2302
250,Nikola Mirotic,TOT,5868,0.1633,0.0655,0.2288
251,Dillon Brooks,MEM,1418,0.3454,-0.1193,0.2261
252,Tyson Chandler,LAL,3675,-1.2983,1.5204,0.2221
253,Delon Wright,TOT,7595,-0.1343,0.3527,0.2184
254,Corey Brewer,TOT,2241,-0.0943,0.3123,0.218
255,De'Anthony Melton,PHO,4426,0.6876,-0.4706,0.217
256,T.J. Warren,PHO,6169,0.2657,-0.0488,0.2169
257,Wesley Matthews,NYK,230,-0.0798,0.2901,0.2103
258,Gary Trent,POR,501,0.5006,-0.2921,0.2085
259,Tyler Dorsey,ATL,1221,-0.323,0.5257,0.2027
260,Mike Scott,PHI,2971,-0.196,0.3972,0.2012
261,Corey Brewer,SAC,1601,-0.0038,0.1933,0.1895
262,Ryan Anderson,MIA,190,0.0603,0.1256,0.1858
263,Dewayne Dedmon,ATL,7355,0.395,-0.2098,0.1852
264,Jarred Vanderbilt,DEN,324,-0.275,0.454,0.179
265,Wesley Johnson,WAS,704,-0.4893,0.6662,0.1769
266,Alex Abrines,OKC,2750,-1.9351,2.1098,0.1747
267,Jabari Parker,CHI,4678,0.0919,0.0798,0.1717
268,Milos Teodosic,LAC,700,0.9278,-0.7634,0.1643
269,Jonas Valanciunas,MEM,2326,0.5277,-0.3703,0.1574
270,Alec Burks,SAC,595,-0.0805,0.236,0.1555
271,Wesley Matthews,TOT,9350,0.3436,-0.194,0.1496
272,Rodney Hood,POR,2882,0.5569,-0.4158,0.1411
273,Brandon Sampson,CHI,924,0.6467,-0.5071,0.1395
274,Tyson Chandler,TOT,4106,-1.2377,1.3759,0.1382
275,Victor Oladipo,IND,5003,-0.2036,0.3395,0.1359
276,DeVaughn Akoon-Purcell,DEN,99,0.0896,0.04,0.1296
277,Langston Galloway,DET,7735,0.7934,-0.6674,0.1261
278,Zach LaVine,CHI,9615,0.9395,-0.8181,0.1214
279,Garrett Temple,MEM,6571,-0.6334,0.7471,0.1138
280,MarShon Brooks,MEM,1670,-0.4293,0.5429,0.1135
281,Greg Monroe,PHI,233,0.4446,-0.332,0.1126
282,Rondae Hollis-Jefferson,BRK,5721,-1.1843,1.2948,0.1105
283,Justin Jackson,TOT,7370,-0.0364,0.1467,0.1103
284,Emanuel Terry,PHO,98,0.079,0.0267,0.1057
285,Harrison Barnes,SAC,4424,0.37,-0.266,0.104
286,JaKarr Sampson,CHI,564,-0.0816,0.1852,0.1036
287,Kostas Antetokounmpo,DAL,46,-0.0357,0.1311,0.0954
288,Sam Dekker,CLE,751,0.536,-0.4409,0.0951
289,Devin Robinson,WAS,423,0.3602,-0.2677,0.0926
290,Emanuel Terry,TOT,111,0.0669,0.0236,0.0905
291,Trevon Duval,MIL,21,0.1115,-0.027,0.0845
292,Tim Frazier,NOP,4116,0.8402,-0.765,0.0752
293,Kobi Simmons,CLE,8,-0.0305,0.105,0.0745
294,Kyle Kuzma,LAL,10832,0.5992,-0.5302,0.069
295,Kenneth Faried,TOT,3262,0.9313,-0.8627,0.0686
296,Ivica Zubac,LAC,2390,-0.748,0.8105,0.0625
297,Robin Lopez,CHI,7058,-0.0506,0.1117,0.061
298,Troy Caupain,ORL,64,0.1421,-0.0867,0.0553
299,Reggie Bullock,DET,5993,0.5787,-0.5287,0.0501
300,Caleb Swanigan,SAC,147,0.2052,-0.1552,0.05
301,George Hill,CLE,1457,0.6048,-0.5553,0.0495
302,Thomas Welsh,DEN,176,-0.0676,0.1139,0.0464
303,Ed Davis,BRK,6476,-1.2361,1.2703,0.0342
304,Ian Clark,NOP,4537,-0.1684,0.2011,0.0327
305,Greg Monroe,BOS,17,0.0993,-0.0677,0.0316
306,Tyler Zeller,ATL,54,-0.177,0.208,0.0309
307,Doug McDermott,IND,5931,0.2641,-0.2334,0.0307
308,Malcolm Miller,TOR,309,0.1043,-0.0813,0.023
309,Zach Lofton,DET,16,-0.0032,0.0258,0.0226
310,JaMychal Green,LAC,2249,0.2521,-0.2325,0.0196
311,Kadeem Allen,NYK,1824,1.0524,-1.0366,0.0158
312,Khem Birch,ORL,2838,0.0274,-0.0126,0.0149
313,Marcus Derrickson,GSW,288,-0.1956,0.2057,0.0101
314,Jaylen Adams,ATL,2023,0.1147,-0.1047,0.01
315,Trevor Ariza,TOT,10546,0.3416,-0.337,0.0046
316,Tyler Davis,OKC,1,-0.0336,0.0339,0.0003
317,Tyler Ulis,CHI,1,-0.034,0.034,-0.0001
318,Jonathan Isaac,ORL,8645,0.2587,-0.2645,-0.0058
319,Troy Brown,WAS,3277,0.7855,-0.793,-0.0075
320,Angel Delgado,LAC,69,-0.4009,0.3874,-0.0136
321,Josh Hart,LAL,8058,-1.8593,1.8444,-0.0148
322,Andre Ingram,LAL,68,-0.1455,0.1247,-0.0209
323,Dante Exum,UTA,3001,-0.8255,0.8027,-0.0228
324,Emanuel Terry,MIA,13,-0.0246,-0.0001,-0.0247
325,Bogdan Bogdanovic,SAC,8840,0.4306,-0.4629,-0.0322
326,D.J. Stephens,MEM,35,-0.1411,0.1088,-0.0323
327,Tahjere McCall,BRK,41,0.0,-0.033,-0.033
328,Jawun Evans,OKC,0,-0.0333,-0.0,-0.0333
329,Bradley Beal,WAS,13779,1.958,-1.9949,-0.0369
330,Zhou Qi,HOU,4,-0.0038,-0.0346,-0.0384
331,John Jenkins,WAS,68,-0.2113,0.1724,-0.0389
332,Okaro White,WAS,27,-0.1081,0.0685,-0.0395
333,Iman Shumpert,SAC,5096,0.965,-1.0055,-0.0405
334,Ray Spalding,DAL,2,-0.0405,-0.0,-0.0405
335,Terrence Ross,ORL,9443,-0.636,0.5947,-0.0413
336,Ike Anigbogu,IND,26,-0.0641,0.0221,-0.0419
337,Jerami Grant,OKC,12249,-0.5684,0.5235,-0.0448
338,Dennis Smith,TOT,6803,-0.9645,0.9187,-0.0457
339,Reggie Bullock,TOT,8452,0.5093,-0.561,-0.0516
340,Noah Vonleh,NYK,7682,0.5044,-0.5571,-0.0527
341,Kalin Lucas,DET,22,-0.1932,0.1303,-0.0629
342,John Holland,CLE,2,-0.0661,-0.0,-0.0661
343,Furkan Korkmaz,PHI,3134,0.5583,-0.6338,-0.0755
344,B.J. Johnson,SAC,25,0.007,-0.0836,-0.0766
345,Jordan McRae,WAS,1558,-0.0733,-0.0063,-0.0797
346,Andrew Harrison,CLE,613,-0.4328,0.349,-0.0838
347,Donte Grantham,OKC,8,0.0023,-0.1018,-0.0995
348,Pat Connaughton,MIL,5829,0.5072,-0.6091,-0.1019
349,Juan Hernangomez,DEN,5936,-0.5115,0.4082,-0.1033
350,Andrew Harrison,TOT,787,-0.2745,0.1668,-0.1077
351,Andrew Harrison,MEM,16,-0.0688,-0.04,-0.1088
352,Markieff Morris,OKC,1751,-0.0005,-0.1099,-0.1105
353,Nerlens Noel,OKC,4819,-2.0697,1.957,-0.1127
354,Shabazz Napier,BRK,4458,-0.477,0.3597,-0.1173
355,Tim Frazier,TOT,5118,0.6357,-0.7531,-0.1174
356,Justin Jackson,SAC,5035,-0.3952,0.2743,-0.1209
357,Mike Muscala,LAL,1216,-0.0807,-0.0425,-0.1232
358,Cameron Reynolds,MIN,1154,0.2272,-0.3537,-0.1265
359,Jordan Sibert,ATL,18,0.1068,-0.2365,-0.1297
360,Terrence Jones,HOU,28,-0.1725,0.0391,-0.1334
361,Damian Jones,GSW,1813,0.2622,-0.3958,-0.1336
362,Ron Baker,NYK,492,-0.6309,0.4943,-0.1366
363,Alan Williams,BRK,125,-0.1104,-0.0266,-0.137
364,DeMarcus Cousins,GSW,3453,-0.6034,0.4581,-0.1453
365,Yante Maten,MIA,55,-0.1151,-0.0338,-0.149
366,Kenrich Williams,NOP,5004,0.3312,-0.4861,-0.1549
367,Andrew Bogut,GSW,585,0.2436,-0.4022,-0.1586
368,Jalen Jones,CLE,939,0.229,-0.3895,-0.1605
369,Landry Shamet,PHI,5074,0.3303,-0.4939,-0.1637
370,Henry Ellenson,DET,109,-0.0226,-0.1432,-0.1658
371,Marcus Morris,BOS,9285,0.9315,-1.1011,-0.1696
372,George King,PHO,24,0.0409,-0.2118,-0.1709
373,B.J. Johnson,TOT,222,0.1158,-0.2895,-0.1737
374,Henry Ellenson,TOT,1161,-0.3798,0.2011,-0.1787
375,Mike Scott,TOT,6526,-0.6433,0.464,-0.1793
376,Henry Ellenson,NYK,1052,-0.4168,0.2368,-0.18
377,Skal Labissiere,SAC,569,0.249,-0.4304,-0.1814
378,Cameron Payne,CLE,777,0.8188,-1.0045,-0.1858
379,B.J. Johnson,ATL,197,0.1296,-0.3156,-0.186
380,Justin Patton,PHI,93,-0.1959,0.0092,-0.1867
381,Kyle Korver,CLE,1111,-0.6567,0.469,-0.1877
382,Brandon Knight,HOU,523,-0.6789,0.4824,-0.1964
383,Ron Baker,TOT,693,-0.6548,0.4565,-0.1983
384,Andrew Harrison,NOP,158,0.3191,-0.5194,-0.2003
385,Alize Johnson,IND,313,0.2289,-0.4301,-0.2013
386,Evan Turner,POR,7105,0.5392,-0.7407,-0.2015
387,Taj Gibson,MIN,7604,0.1725,-0.3765,-0.2041
388,Kyle O'Quinn,IND,1693,0.0093,-0.2182,-0.2089
389,Michael Carter-Williams,TOT,1739,0.1623,-0.375,-0.2128
390,D'Angelo Russell,BRK,11108,-0.6031,0.3865,-0.2166
391,Elfrid Payton,NOP,5815,1.2987,-1.5192,-0.2206
392,Andrew Wiggins,MIN,11524,0.1203,-0.3423,-0.222
393,James Nunnally,HOU,163,0.4077,-0.6353,-0.2276
394,Joe Harris,BRK,10495,0.4522,-0.6879,-0.2357
395,Joe Chealey,CHO,34,-0.1888,-0.048,-0.2368
396,Jarrett Allen,BRK,9542,0.4917,-0.731,-0.2394
397,Trey Burke,NYK,3097,0.0406,-0.2841,-0.2434
398,Nikola Mirotic,NOP,4361,-0.1736,-0.0704,-0.244
399,Walt Lemon,CHI,739,-0.1788,-0.0693,-0.2482
400,Courtney Lee,NYK,731,-0.1354,-0.1225,-0.2579
401,Shake Milton,PHI,1215,0.4517,-0.7096,-0.258
402,Nick Young,DEN,160,-0.1517,-0.113,-0.2648
403,Boban Marjanovic,PHI,1355,0.0371,-0.3027,-0.2655
404,Courtney Lee,TOT,1915,-0.2903,0.0196,-0.2707
405,Courtney Lee,DAL,1184,-0.3859,0.1073,-0.2786
406,Dzanan Musa,BRK,175,-0.3158,0.0324,-0.2834
407,Jason Smith,WAS,592,-0.4733,0.1837,-0.2896
408,Bobby Portis,CHI,2334,1.3994,-1.69,-0.2907
409,Reggie Bullock,LAL,2459,0.3403,-0.6398,-0.2995
410,Isaiah Hicks,NYK,141,-0.1631,-0.1382,-0.3013
411,Jonathon Simmons,PHI,1006,0.3403,-0.6451,-0.3049
412,Luka Doncic,DAL,10400,0.8457,-1.1525,-0.3068
413,Rawle Alkins,CHI,541,-0.0313,-0.2898,-0.3211
414,Marvin Williams,CHO,9271,0.9554,-1.2889,-0.3336
415,James Nunnally,TOT,450,0.2507,-0.5919,-0.3412
416,Dario Saric,MIN,7369,0.711,-1.0527,-0.3417
417,Skal Labissiere,TOT,858,0.322,-0.6692,-0.3471
418,Dario Saric,TOT,9210,0.4286,-0.7773,-0.3487
419,Ron Baker,WAS,201,-0.7135,0.364,-0.3494
420,Bonzie Colson,MIL,480,0.3114,-0.6629,-0.3515
421,Tristan Thompson,CLE,5116,0.6677,-1.0326,-0.3649
422,Jason Smith,TOT,879,-0.4678,0.0985,-0.3693
423,Dario Saric,PHI,1841,-0.7017,0.3249,-0.3768
424,Daryl Macon,DAL,404,-0.4541,0.0594,-0.3947
425,Blake Griffin,DET,11598,-0.2163,-0.1789,-0.3952
426,Gary Clark,HOU,2838,0.2951,-0.6924,-0.3973
427,Sviatoslav Mykhailiuk,DET,82,-0.2146,-0.1867,-0.4013
428,Iman Shumpert,TOT,6793,0.3626,-0.7647,-0.4021
429,Jacob Evans,GSW,910,-0.6769,0.2743,-0.4026
430,James Nunnally,MIN,287,0.1615,-0.5672,-0.4057
431,Kosta Koufos,SAC,2328,-0.2513,-0.1584,-0.4098
432,Jordan Loyd,TOR,277,-0.468,0.0575,-0.4105
433,Enes Kanter,POR,2214,-0.0873,-0.3299,-0.4172
434,Tobias Harris,PHI,4316,0.559,-0.9765,-0.4176
435,Devin Booker,PHO,10214,1.2853,-1.7039,-0.4186
436,Ian Mahinmi,WAS,2256,-2.0664,1.6433,-0.423
437,Isaac Humphries,ATL,271,-0.2105,-0.2185,-0.429
438,Eric Moreland,TOT,184,-0.3407,-0.0883,-0.4291
439,Dusty Hannahs,MEM,121,-0.397,-0.0408,-0.4378
440,Billy Garrett,NYK,284,-0.2622,-0.18,-0.4422
441,Serge Ibaka,TOR,8846,0.8897,-1.3346,-0.4448
442,D.J. Wilson,MIL,4076,-0.7606,0.3136,-0.447
443,Dennis Smith,DAL,4111,-1.1173,0.6682,-0.4491
444,Jevon Carter,MEM,2506,-1.2387,0.7831,-0.4556
445,Ben Simmons,PHI,12524,-0.094,-0.3729,-0.4669
446,James Ennis,PHI,1308,-0.2624,-0.2046,-0.4671
447,Christian Wood,MIL,299,-0.5755,0.1046,-0.4708
448,Christian Wood,TOT,1187,-0.1735,-0.3173,-0.4909
449,Mike Scott,LAC,3555,-1.0171,0.5199,-0.4972
450,Christian Wood,NOP,888,-0.0382,-0.4594,-0.4976
451,Chimezie Metu,SAS,634,-0.4481,-0.0528,-0.5009
452,Tony Bradley,UTA,169,0.104,-0.6065,-0.5025
453,Deng Adel,CLE,802,-0.4598,-0.0433,-0.5031
454,Eric Moreland,TOR,166,-0.3777,-0.1273,-0.505
455,Tyler Johnson,PHO,1907,-0.6952,0.1885,-0.5067
456,Justin Anderson,ATL,2229,-0.7226,0.2144,-0.5083
457,Boban Marjanovic,TOT,3103,-0.697,0.1822,-0.5148
458,Isaiah Thomas,DEN,859,-1.032,0.5107,-0.5213
459,Dennis Schroder,OKC,10798,-0.2,-0.3246,-0.5246
460,Kemba Walker,CHO,12536,1.1242,-1.6494,-0.5252
461,Melvin Frazier,ORL,199,-0.2148,-0.314,-0.5289
462,Frank Ntilikina,NYK,4074,-0.4651,-0.0678,-0.5328
463,Ben McLemore,SAC,762,-0.0385,-0.5042,-0.5427
464,Tyler Lydon,DEN,420,-0.3359,-0.2073,-0.5433
465,Lorenzo Brown,TOR,968,-1.3386,0.7911,-0.5475
466,Matthew Dellavedova,MIL,476,-1.1448,0.5811,-0.5637
467,Tyson Chandler,PHO,431,-0.7214,0.1441,-0.5773
468,Naz Mitrou-Long,UTA,375,0.2883,-0.8678,-0.5795
469,Kentavious Caldwell-Pope,LAL,9408,0.5704,-1.1539,-0.5835
470,Torrey Craig,DEN,6565,0.7054,-1.2899,-0.5845
471,Julius Randle,NOP,10314,0.8452,-1.4375,-0.5923
472,Jaren Jackson,MEM,6432,-2.1332,1.5392,-0.594
473,Chandler Parsons,MEM,2185,-1.141,0.5445,-0.5966
474,Chris Chiozza,HOU,144,-0.4637,-0.138,-0.6017
475,Patrick McCaw,CLE,218,0.1304,-0.7374,-0.607
476,Tyler Dorsey,TOT,3217,-0.2072,-0.4017,-0.6089
477,Zaza Pachulia,DET,3844,-0.9464,0.3341,-0.6123
478,Rodney Hood,TOT,8148,-0.4575,-0.1835,-0.6411
479,Patrick McCaw,TOT,1758,-0.2329,-0.4097,-0.6426
480,Jordan Clarkson,CLE,9664,1.0903,-1.7337,-0.6434
481,Patrick McCaw,TOR,1540,-0.2843,-0.3633,-0.6476
482,John Wall,WAS,5131,-0.9101,0.2596,-0.6505
483,Isaiah Canaan,MIN,400,-0.0063,-0.6488,-0.6552
484,Alex Len,ATL,7365,-0.3631,-0.2972,-0.6603
485,Wayne Ellington,TOT,5680,-0.4825,-0.1898,-0.6723
486,Skal Labissiere,POR,289,0.4659,-1.1393,-0.6734
487,Khyri Thomas,DET,894,-1.439,0.7647,-0.6743
488,Tim Hardaway,DAL,2447,-0.1845,-0.4964,-0.6809
489,Tony Snell,MIL,5964,0.0486,-0.7357,-0.6871
490,Miles Bridges,CHO,7541,-0.3492,-0.3402,-0.6895
491,Jonah Bolden,PHI,2994,-0.8713,0.169,-0.7023
492,Deyonta Davis,ATL,561,-0.7376,0.0336,-0.704
493,Keita Bates-Diop,MIN,2228,0.0434,-0.7479,-0.7045
494,Harrison Barnes,TOT,11570,-0.6964,-0.0085,-0.7049
495,Derrick Jones,MIA,5095,-1.5198,0.8139,-0.7059
496,Boban Marjanovic,LAC,1748,-1.266,0.558,-0.708
497,Dorian Finney-Smith,DAL,8868,-0.7265,0.0143,-0.7121
498,Haywood Highsmith,PHI,191,-0.235,-0.4855,-0.7205
499,Jared Dudley,BRK,5436,-0.0154,-0.7119,-0.7273
500,Donatas Motiejunas,SAS,56,-0.4439,-0.2849,-0.7288
501,Jonathon Simmons,TOT,4756,-1.0036,0.2737,-0.7299
502,Dwyane Wade,MIA,8530,-1.0264,0.2963,-0.7301
503,Bryn Forbes,SAS,9890,0.6904,-1.4306,-0.7402
504,Sam Dekker,TOT,3552,-0.0355,-0.7067,-0.7421
505,Will Barton,DEN,5239,0.0114,-0.766,-0.7546
506,John Henson,MIL,914,-0.6402,-0.115,-0.7551
507,Ekpe Udoh,UTA,1463,0.1337,-0.8944,-0.7607
508,Troy Daniels,PHO,3436,-0.232,-0.5487,-0.7807
509,Marco Belinelli,SAS,8108,0.5389,-1.3279,-0.789
510,Jared Terrell,MIN,485,-0.7583,-0.0427,-0.801
511,Udonis Haslem,MIA,347,-0.9315,0.1208,-0.8107
512,Gorgui Dieng,MIN,4641,0.022,-0.8645,-0.8426
513,Jawun Evans,TOT,272,-0.7273,-0.1165,-0.8438
514,Jawun Evans,PHO,272,-0.7273,-0.1165,-0.8438
515,Jonathon Simmons,ORL,3750,-1.3641,0.5202,-0.8439
516,John Jenkins,TOT,1463,-0.742,-0.1063,-0.8483
517,Sindarius Thornwell,LAC,1522,-1.9913,1.1414,-0.8499
518,Jake Layman,POR,5848,0.2245,-1.0842,-0.8597
519,Dwayne Bacon,CHO,3295,0.3671,-1.2289,-0.8618
520,Amir Johnson,PHI,2422,-0.0261,-0.8421,-0.8682
521,Deandre Ayton,PHO,9773,-0.6882,-0.1814,-0.8696
522,Thon Maker,TOT,4349,-1.413,0.5395,-0.8735
523,Isaiah Canaan,MIL,149,-0.2657,-0.6169,-0.8826
524,Caris LeVert,BRK,4818,-0.673,-0.2132,-0.8862
525,John Jenkins,NYK,1395,-0.7678,-0.1199,-0.8877
526,Lance Stephenson,LAL,5252,-0.4298,-0.463,-0.8929
527,Enes Kanter,TOT,7297,-0.0198,-0.8745,-0.8943
528,Tyler Cavanaugh,UTA,160,-0.5023,-0.3944,-0.8967
529,Malik Monk,CHO,5638,0.4152,-1.3149,-0.8996
530,Jalen Brunson,DAL,7060,-0.1714,-0.7308,-0.9022
531,Tim Frazier,MIL,1002,-0.2045,-0.7041,-0.9085
532,E'Twaun Moore,NOP,6740,0.2387,-1.1475,-0.9088
533,Markelle Fultz,PHI,1980,-1.3942,0.4825,-0.9117
534,Jason Smith,MIL,192,-0.7256,-0.187,-0.9126
535,Delon Wright,TOR,4026,-0.8593,-0.057,-0.9163
536,Brandon Knight,TOT,3169,-0.2088,-0.7224,-0.9311
537,Drew Eubanks,SAS,482,-0.6076,-0.3243,-0.9319
538,T.J. McConnell,PHI,6645,0.3186,-1.2559,-0.9373
539,Marcin Gortat,LAC,3258,-0.11,-0.8292,-0.9393
540,Wayne Selden,MEM,2015,-0.5356,-0.4054,-0.9411
541,Avery Bradley,TOT,8548,-1.2129,0.2635,-0.9495
542,Hamidou Diallo,OKC,2426,0.0909,-1.0459,-0.955
543,Pau Gasol,MIL,137,-0.4338,-0.5223,-0.9562
544,Shai Gilgeous-Alexander,LAC,9851,0.1371,-1.0985,-0.9613
545,Alex Poythress,ATL,1450,-0.914,-0.0525,-0.9665
546,Sam Dekker,WAS,2801,-0.1887,-0.7779,-0.9666
547,Tim Hardaway,TOT,9207,0.0687,-1.0391,-0.9704
548,Emmanuel Mudiay,NYK,7211,0.1592,-1.1308,-0.9715
549,Trey Lyles,DEN,4966,-1.1653,0.192,-0.9733
550,Trevor Ariza,PHO,3945,-1.2242,0.2348,-0.9895
551,Rodions Kurucs,BRK,6051,-1.0151,0.0181,-0.997
552,Nik Stauskas,CLE,1487,-0.3069,-0.6953,-1.0022
553,Dion Waiters,MIA,4978,-0.8364,-0.1741,-1.0105
554,Marquese Chriss,HOU,470,-0.5446,-0.4856,-1.0302
555,Rodney Hood,CLE,5266,-1.0127,-0.0564,-1.0691
556,Dairis Bertans,NOP,757,-0.4538,-0.6156,-1.0693
557,Tim Hardaway,NYK,6760,0.1603,-1.2356,-1.0752
558,Brandon Knight,CLE,2646,-0.1159,-0.9605,-1.0764
559,Cheick Diallo,NOP,4188,-0.2235,-0.8568,-1.0803
560,Alfonzo McKinnie,GSW,4558,-0.4938,-0.5884,-1.0823
561,Willy Hernangomez,CHO,3701,0.7695,-1.8518,-1.0824
562,Meyers Leonard,POR,3803,1.1298,-2.2125,-1.0827
563,Lonzo Ball,LAL,6635,-1.722,0.6356,-1.0864
564,Enes Kanter,NYK,5083,0.0096,-1.1117,-1.1021
565,Tyler Dorsey,MEM,1996,-0.1364,-0.9691,-1.1055
566,Kris Dunn,CHI,6089,0.2034,-1.3273,-1.1239
567,Edmond Sumner,IND,989,-1.1236,-0.0106,-1.1343
568,Salah Mejri,DAL,1775,-0.5337,-0.6294,-1.1631
569,Jimmer Fredette,PHO,300,-0.7091,-0.4543,-1.1634
570,Jeremy Lin,ATL,4731,-1.3976,0.2301,-1.1675
571,Wilson Chandler,LAC,1058,-0.6047,-0.5947,-1.1994
572,Daniel Hamilton,ATL,942,-1.0117,-0.1923,-1.204
573,Duncan Robinson,MIA,723,-0.7502,-0.4554,-1.2056
574,Harrison Barnes,DAL,7146,-1.3566,0.151,-1.2056
575,C.J. Miles,TOT,3926,-0.9639,-0.2496,-1.2135
576,Quincy Pondexter,SAS,1271,-1.3434,0.1266,-1.2168
577,Guerschon Yabusele,BOS,1120,-0.7454,-0.4762,-1.2216
578,Michael Kidd-Gilchrist,CHO,5246,-1.7429,0.5204,-1.2225
579,Damion Lee,GSW,1689,-0.928,-0.2952,-1.2232
580,Antonio Blakeney,CHI,3683,-0.1476,-1.0816,-1.2291
581,Anfernee Simons,POR,634,0.0943,-1.3242,-1.2299
582,Michael Beasley,LAL,1256,-0.4852,-0.7707,-1.2559
583,Pau Gasol,TOT,1613,-0.7082,-0.5478,-1.2561
584,Allonzo Trier,NYK,6622,-1.6437,0.3854,-1.2584
585,Timothe Luwawu-Cabarrot,OKC,567,-1.4955,0.2216,-1.2739
586,Rodney McGruder,MIA,6977,-1.4707,0.1959,-1.2748
587,Pau Gasol,SAS,1476,-0.7337,-0.5502,-1.2839
588,Jimmy Butler,MIN,1604,-0.5782,-0.719,-1.2972
589,Glenn Robinson,DET,2675,-2.0701,0.7726,-1.2974
590,C.J. Williams,MIN,557,-0.7556,-0.5456,-1.3012
591,Jamal Crawford,PHO,5630,-0.5438,-0.7595,-1.3033
592,Dragan Bender,PHO,3779,-1.049,-0.2702,-1.3191
593,Tyler Johnson,TOT,6897,-0.9823,-0.3369,-1.3192
594,Jahlil Okafor,NOP,4215,-0.0824,-1.2377,-1.3201
595,Avery Bradley,LAC,6575,-1.793,0.4686,-1.3244
596,Alec Burks,UTA,1238,-0.498,-0.8275,-1.3255
597,James Ennis,TOT,5485,-0.3802,-0.9501,-1.3303
598,Kenneth Faried,BRK,538,-0.7282,-0.6208,-1.349
599,Jaylen Brown,BOS,8579,-1.1421,-0.2192,-1.3613
600,Nicolas Batum,CHO,10298,-0.7926,-0.5806,-1.3732
601,Thomas Bryant,WAS,6723,0.238,-1.6201,-1.3821
602,JaMychal Green,TOT,6179,-1.0995,-0.285,-1.3844
603,Jonas Jerebko,GSW,5444,-0.4212,-0.9973,-1.4185
604,Markieff Morris,TOT,5815,-0.3558,-1.0669,-1.4226
605,Jeremy Lin,TOT,6742,-1.7335,0.2968,-1.4367
606,Greg Monroe,TOT,2217,-1.8674,0.3858,-1.4816
607,Iman Shumpert,HOU,1697,-1.4462,-0.0419,-1.4881
608,Taurean Waller-Prince,ATL,7254,1.1624,-2.6543,-1.4919
609,Isaiah Canaan,TOT,2743,-0.7445,-0.7614,-1.5059
610,Dwight Howard,WAS,1051,-0.8833,-0.6284,-1.5117
611,Justin Holiday,MEM,5626,-0.218,-1.3137,-1.5316
612,Wesley Matthews,IND,3185,-0.3496,-1.1947,-1.5442
613,Caleb Swanigan,TOT,802,-1.6108,0.0633,-1.5475
614,Justin Holiday,TOT,11451,-1.4401,-0.13,-1.5701
615,Rajon Rondo,LAL,6314,-0.2808,-1.3138,-1.5946
616,James Ennis,HOU,4177,-0.4171,-1.1835,-1.6006
617,Spencer Dinwiddie,BRK,8761,-0.7623,-0.8411,-1.6034
618,Justin Holiday,CHI,5825,-2.6205,1.0132,-1.6072
619,Tyler Johnson,MIA,4990,-1.092,-0.5377,-1.6298
620,Georges Niang,UTA,2378,-0.1656,-1.4645,-1.6301
621,Greg Monroe,TOR,1967,-2.1583,0.4747,-1.6836
622,Kelly Oubre,WAS,3524,-1.2405,-0.4456,-1.6862
623,Bismack Biyombo,CHO,3347,-1.1876,-0.5142,-1.7018
624,Isaiah Canaan,PHO,2194,-0.9115,-0.7918,-1.7033
625,Miles Plumlee,ATL,819,-0.6809,-1.0687,-1.7496
626,James Johnson,MIA,5096,-0.8857,-0.8677,-1.7535
627,Dirk Nowitzki,DAL,3475,-0.6721,-1.0878,-1.7598
628,Shelvin Mack,CHO,180,-0.9916,-0.77,-1.7615
629,Sterling Brown,MIL,4811,-1.1203,-0.6582,-1.7785
630,Cristiano Felicio,CHI,3312,-0.1713,-1.6406,-1.8118
631,Trae Young,ATL,11732,1.0583,-2.8792,-1.8209
632,Jerome Robinson,LAC,1501,-0.4699,-1.3552,-1.8252
633,Frank Jackson,NOP,5541,-1.189,-0.6498,-1.8388
634,Anthony Tolliver,MIN,4882,-1.8907,0.0398,-1.8509
635,Chasson Randle,WAS,3362,-0.6107,-1.2488,-1.8595
636,Jordan Bell,GSW,3513,-0.5863,-1.2759,-1.8621
637,Mario Hezonja,NYK,5366,-1.2736,-0.6201,-1.8937
638,Alec Burks,TOT,6029,-0.7711,-1.1291,-1.9002
639,Caleb Swanigan,POR,655,-2.0183,0.1123,-1.906
640,JaVale McGee,LAL,7736,-0.0266,-1.8985,-1.9251
641,Stanley Johnson,NOP,1153,-2.167,0.2409,-1.9261
642,Johnathan Motley,LAC,754,-1.613,-0.3242,-1.9372
643,Wade Baldwin,POR,419,-1.4407,-0.5171,-1.9578
644,Wendell Carter,CHI,4821,-2.6224,0.6496,-1.9727
645,Jerian Grant,ORL,4121,-1.0459,-0.9352,-1.9811
646,Markieff Morris,WAS,4064,-0.5088,-1.4792,-1.988
647,Moritz Wagner,LAL,2089,-2.7232,0.7324,-1.9909
648,Stanley Johnson,TOT,5501,-3.7955,1.7999,-1.9955
649,Josh Jackson,PHO,9095,-2.6024,0.6,-2.0024
650,Stanley Johnson,DET,4348,-4.2273,2.2133,-2.014
651,Troy Williams,SAC,1517,-1.7199,-0.3453,-2.0652
652,Jeremy Lin,TOR,2011,-2.5239,0.4538,-2.0701
653,Devonte' Graham,CHO,2967,-1.0237,-1.0756,-2.0993
654,OG Anunoby,TOR,6154,-1.9205,-0.2098,-2.1303
655,Wayne Selden,TOT,6388,-0.7696,-1.3722,-2.1418
656,Solomon Hill,NOP,4088,-0.8145,-1.3429,-2.1574
657,Kent Bazemore,ATL,7819,-3.34,1.1528,-2.1872
658,JaMychal Green,MEM,3930,-1.873,-0.315,-2.1879
659,Ivan Rabb,MEM,3097,-0.9181,-1.2852,-2.2033
660,Thon Maker,DET,2428,-1.8506,-0.4512,-2.3018
661,Marquese Chriss,TOT,2181,-0.9861,-1.3345,-2.3205
662,Alec Burks,CLE,4196,-0.9496,-1.4116,-2.3612
663,DeAndre Jordan,NYK,2168,-0.8647,-1.5026,-2.3672
664,Carmelo Anthony,HOU,1324,-1.8844,-0.4891,-2.3735
665,Lance Thomas,NYK,3508,-2.4071,0.0271,-2.38
666,Terry Rozier,BOS,7914,-2.2311,-0.1525,-2.3836
667,Michael Carter-Williams,HOU,701,-1.4866,-0.9527,-2.4393
668,Wayne Ellington,MIA,2362,-1.8921,-0.603,-2.4951
669,Jon Leuer,DET,1787,-2.2899,-0.2196,-2.5096
670,Elie Okobo,PHO,4275,-1.7023,-0.8204,-2.5228
671,Wesley Johnson,TOT,2437,-1.1643,-1.4106,-2.5748
672,Cameron Payne,TOT,3165,-1.0837,-1.4964,-2.5801
673,Marquese Chriss,CLE,1711,-1.1073,-1.5676,-2.6749
674,Wayne Selden,CHI,4373,-0.8774,-1.8177,-2.6951
675,Devin Harris,DAL,4765,-1.3509,-1.3472,-2.6981
676,Quinn Cook,GSW,4674,-1.0217,-1.7933,-2.815
677,Channing Frye,CLE,1431,-0.6708,-2.1457,-2.8164
678,Patrick Patterson,OKC,4024,-1.9681,-0.8519,-2.82
679,Timothe Luwawu-Cabarrot,TOT,3043,-1.4943,-1.3404,-2.8347
680,Shelvin Mack,TOT,5411,-1.9657,-0.8759,-2.8417
681,Shelvin Mack,MEM,5231,-1.9993,-0.8796,-2.8788
682,Omari Spellman,ATL,3787,-1.1005,-1.8418,-2.9424
683,C.J. Miles,TOR,2575,-1.7858,-1.1604,-2.9462
684,Cedi Osman,CLE,10534,0.2692,-3.2738,-3.0046
685,Shaquille Harrison,CHI,6344,-2.4964,-0.5967,-3.0931
686,Frank Mason,SAC,2069,-1.5986,-1.5846,-3.1832
687,Timothe Luwawu-Cabarrot,CHI,2476,-1.4941,-1.6981,-3.1921
688,Abdel Nader,OKC,3211,-2.9068,-0.3938,-3.3005
689,Nik Stauskas,TOT,4443,-1.4989,-1.8037,-3.3026
690,Cameron Payne,CHI,2388,-1.7028,-1.6564,-3.3592
691,Collin Sexton,CLE,11260,-0.0156,-3.4829,-3.4985
692,Jerryd Bayless,MIN,2900,-0.8986,-2.6117,-3.5104
693,Dante Cunningham,SAS,4049,-1.6737,-1.8461,-3.5198
694,Jose Calderon,DET,2839,-3.1662,-0.4823,-3.6485
695,Wesley Johnson,NOP,1733,-1.4385,-2.2542,-3.6927
696,Grayson Allen,UTA,1881,-1.5637,-2.1733,-3.737
697,Nik Stauskas,POR,2956,-2.0986,-2.3612,-4.4598
698,Kevin Knox,NYK,9741,-2.5173,-3.5555,-6.0728
